key|collectedFrom
3385256301|
3385256302|
3385256305|
3385256306|
3385256307|
3385256303|
|from trellised flowers of Antigonon leptopus
3385256304|A large colony was observed hanging beneath a large branch of a Pithecolobium tree
3334183304|
3386492302|on coconut blossoms
3386492305|
3386492304|
3386492301|
3386492303|
3331443311|on sunflower
3385257302|on cotton flowers
3385257301|community nest in large, partly rotten breadfruit stump, with dozens of bees nesting in easily excavated wood
3390911313|
3390911305|
3390911301|
3390911312|
3390911306|
3390911314|
3390911309|on flowers of unknown shrub
3390911311|
3390911307|
3390911304|
3390911302|on tobacco flowers
3390911310|on Glochidion flowers
3390911303|
3390911308|
3331825344|
3331825333|
3914035322|
3914035302|
3331825328|
3331825316|
3331825342|gully
3914035332|
3914035344|
3992126301|eight parasites were obtained from the eggs of this leafhopper
3914035366|
3914035315|
3914035333|
3914035301|
3914035349|
3914035331|
3914035320|
3914035335|leafhoppers were so numerous in rice seedling plots as to ruin the young plants. At that time they were coming to lights by hundreds in the village more than half a mile distant
3914035355|they were abundant in the seedling plots, but not destructive
3914035348|in the evening, this leafhopper was swarming at the electric lights on the dock at Piti
3993955301|in the Governor's Report for 1934, where a Megamelus is reported on rice at Merizo, Piti, Asan, Atantao, and Agat
3914035351|several leafhoppers were collected having dryinid larvae attached, and one male dryinid was reared. Its identity is unknown.
3914035311|reported as a pest on corn
3914035321|
3914035341|
3914035339|
3914035327|
3914035328|
3914035313|
3331825362|
3914035353|
3914035325|
3914035317|
3914035337|
3914035352|at the Agricultural School Farm, one exit hole of Ootetrastichus was seen in a cane leaf, but no other evidence of this parasite was found.
3914035303|
3914035316|
3914035326|
3914035324|
3914035310|
3914035314|on Physalis
3914035367|
3914035350|
3914035361|on Emilia
3914035334|on sugar cane
3914035312|
3914035340|on Glochidion
3914035307|
3914035319|
3914035329|
3331825319|on Pipturus and Sida
3914035330|abundant on Pandanus leaves
3914035346|abundant on Pandanus leaves
3331825371|
3331825304|on Pandanus
3331825376|
3331825372|on Cycas
3331825373|
3331825311|on Psychotria
3914035359|
3914035338|
3331825365|on Piper
3331825334|
3331825306|on Premna
3331825350|
3914035304|
3914035363|
3331825330|
3331825343|
3331825302|on Hernandia and grass
3331825370|on Calophyllum
3331825312|on mango
3331825364|
3331825345|
3331825314|
3331825375|
3331825357|on Barringtonia racemosa
3914035347|
3914035305|
3914035308|
3331825349|
3331825322|on taro
3331825348|on banana
3331825303|on mango
3914035354|
3331825369|
3331825339|
3331825327|
3331825351|
3331825307|on Intsia bijuga
3331825325|
3331825356|found abundant on Scirpus lacustris
3331825320|found abundant on Scirpus lacustris
3331825335|found abundant on Scirpus lacustris
3331825360|on cane
3331825326|on banana
3914035362|on cane
3914035358|on cane
3914035309|on Paspalum orbiculare
3914035356|
3331825315|swept from grass at beach
3331825305|on Hibiscus tiliaceus
3331825310|
3331825346|on Piper guahamense
3331825323|gully, on Cycas circinalis and Discocalyx megacarpa
3331825318|on Thespesia populnea
3331825355|on Thespesia populnea and Calophyllum inophyllum
3331825358|on cane
3331825366|on Pemphis acidula, more numerous than any of the other records
3331825367|on grass
3331825309|on grass
3331825337|swept from lawn grass
3914035360|
3914035323|
3331825341|swept from grass at beach
3331825301|
3331825313|on grass at beach
3331825347|
3331825352|very abundant on Sporobolus virginicus on beach, the males all macropterous and the females mostly brachypterous
3992126303|parasitized by a stylopid, possibly Elenchoides perkinsi Pierce
3992126302|parasitized by a stylopid, possibly Elenchoides perkinsi Pierce
3331825321|occurs in low grasses
3331825317|occurs in low grasses
3914035369|abundant in lawn grass
3914035343|abundant in lawn grass
3331825368|swept from low grasses
3914035368|swept from low grasses
3914035306|swept from low grasses
3331825324|abundant on Sporobolus virginicus on the beach
3914035342|a few were collected also on grass by the roadside 
3914035357|a few were collected also on grass by the roadside 
3352147352|
3352147315|
3352147345|
3913379301|
3913379333|
3913379309|
3913379305|
3913379336|
3913379332|
3352147357|
3913379307|
3913379331|
3913379341|
3913379335|
3913379329|
3913379345|
3913379317|
3352147320|
3352147325|
3352147364|
3913379310|
3913379328|gully near
3913379316|
3913641302|
3913641306|
3352147330|from hibiscus at residence
3913379326|
3913379348|
3913379330|near spring
3913379312|
3913379350|
3913379342|associated with the weed Crotalaria saltiana, the larvae feeding in the pods
3913379318|associated with the weed Crotalaria saltiana, the larvae feeding in the pods
3913379308|reared from pod of Crotalaria quinquefolia growing sparsely in fallow rice fields
3913379334|
3913379337|gully near
3913379306|
3913379325|
3913379322|
3352147314|
3913379338|caterpillar on corn
3352147335|
3352147354|
3913379320|
3913641307|
3913379314|
3913641304|
3913641303|
3913379311|the caterpillars were most numerous in a weedy clearing on Mt. Alifan
3913379324|the caterpillars were most numerous in a weedy clearing on Mt. Alifan
3913379303|the caterpillars were most numerous in a weedy clearing on Mt. Alifan
3352147332|
3352147348|
3352147318|
3352147366|
3352147304|
3352147327|
3352147343|
3352147323|
3352147346|
3913379349|
3913379340|
3352147349|
3913379304|
3913379343|
3352147310|
3352147307|
3352147301|
3352147334|
3913379339|black caterpillar found on leaves of a broad-leaved Ficus
3913430301|
3913430302|
3352147338|
3913379302|
3913379313|
3352147361|
3352147305|
3352147347|
3352147302|
3352147308|
3352147313|
3352147337|
3913379327|
3913379323|
3352147358|
3913641305|
3913641301|were reared from caterpillars found on orange and, on Triphasia.
3913379344|
3352147333|
3352147319|
3352147360|
3352147303|
3352147350|
3352147324|
3352147331|
3352147363|
3352147362|
3352147353|
3352147311|
3352147342|
3352147359|
3913379319|
3913379321|
3913379315|
3913379346|
3978866305|in Government House
3332081483|on Hibiscus tiliaceus
3332081421|on Malachra and Urena
3332081301|on H. tiliaceus
3913652501|at light
3913652370|
3332081327|at light
3332081374|a chrysalis found in webbed leaf of Erythrina indica, moth issued Nov. 9
3913652458|a few small caterpillars on an Erythrina tree, may have been this species but we were not successful in rearing them
3978866301|
3978866307|
3332081302|
3913652325|at light
3913652456|at light
3913652340|at light
3978866303|
3978866306|
3332081330|at light
3332081367|in garage
3332081383|
3332081378|issued from numerous pupae under bark of dead Pithecolobium dulce
3913652341|at light
3913652436|at light
3913652493|at light
3332081379|
3332081391|
3913652441|
3913652338|
3913652403|at light
3913652359|
3913652342|
3913652464|
3913652333|
3913652348|reared from a pupa found among paper rubbish by a student at the Agricultural School
3913652371|
3332081340|
3332081331|
3913652394|
3913652518|reared from caterpillars on morning-glory leaves
3332081481|at light
3332081454|
3978667301|
3913652385|at light
3913652498|pupa found in spun-together leaves on Eugenia tree, moth issued June 21
3913652457|reared from egg found on rose petal
3913652386|
3332081489|
3332081469|three small looping larvae on Styphelia in the hills above the town, one of which was reared
3332081461|
3332081486|
3332081362|at light
3332081307|
3913652511|at light
3913652448|at light
3913652356|at light
3913652352|
3332081358|this moth was reared quite abundantlyl from caterpillars found feeding in decaying leaves at base of rice plants
3913652423|in grass
3986697307|in grass
3986697304|at light
3332081413|collected in fallow rice field
3913652400|at light
3913652449|at light
3913652326|at light
3986697301|
3986697303|
3913652354|ten specimens reared from leafroller caterpilllars on agalunde (a shrub for which I could get only the Chamorro name)
3913652402|
3332081354|
3332081422|at light
3332081470|reared from spiny amaranth
3986697306|recorded as a beet pest. We found its caterpillars abundant on spiny amaranth, Apanteles guamensis var. was reared from some of the larvae. Only a few moths were collected or reared.
3332081319|at light
3332081365|
3332081390|
3914039302|
3913652505|
3332081419|one reared from larva on leaf Barringtonia speciosa
3913652454|at light
3913652334|on screen
3979574302|the larvae very abundant in pods of Crotalaria saltiana in a fallow corn field. Some specimens were reared from these larvae, a few were collected.
3913652497|the larvae very abundant in pods of Crotalaria saltiana in a fallow corn field. Some specimens were reared from these larvae, a few were collected.
3332081416|
3332081360|
3332081466|
3913652460|at light
3913652309|at light
3913652452|at light
3913652349|at light
3913652485|at light
3913652303|at light
3913652347|at light
3913652414|at light
3913652479|at light
3913652499|at light
3332081404|
3332081476|two moths reared from larvae feeding among thrips-infested terminal leaves of small-leaved Ficus
3332081405|two moths reared from larvae on leaves of Peltophorum inerme
3913652486|on screen
3913652492|at light
3332081398|reared from larvae in old seeds of Ochrocarpus obovalis
3332081325|
3332081491|swept from sedges
3332081472|
3913652461|at light
3913652345|at light
3978866302|
3978866304|
3332081406|larvae numerous beneath webs on under side of leaves of Guettarda speciosa
3979574301|eight reared from same tree, parasite, Macrocentrus pallidus (Fullaway) was often reared from the larvae of this moth
3336062302|two specimens reared from leafrollers on pigeon peas
3336062315|at light
3913652377|at light
3913652467|at light
3913652477|at light
3913652378|at light
3913652447|at light
3913652302|at light
3913652491|at light
3913652471|at light
3913652469|at light
3913652306|at light
3913652360|at light
3913652425|at light
3913652517|at light
3913652502|at light
3913652443|all reared from larvae on leaves of Gymnosporia thompsonii
3913652482|all reared from larvae on leaves of Gymnosporia thompsonii
3913652513|all reared from larvae on leaves of Gymnosporia thompsonii
3913652331|all reared from larvae on leaves of Gymnosporia thompsonii
3336062309|at light
3336062316|swept from Glochidion marianum
3913652446|
3913652496|
3332081352|
3332081386|
3332081312|
3332081370|
3332081457|
3913652355|
3913652368|
3913652475|at light
3913652437|at light
3913652480|at light
3332081410|
3913642328|at light
3913642317|reared from caterpillars on taro
3913642368|reared from caterpillars on tobacco
3913642367|at light
3913642332|at light
3913642351|reared from caterpillars on banana
3913642350|reared from caterpillars on banana
3913642353|
3332081343|
3332081345|
3332081311|at light
3332081347|
3332081388|
3970494305|
3970494312|
3913642325|
3913642331|
3970494306|in rice field
3913642349|reared from a caterpillar on sword grass, Xiphagrostis floridula
3332081487|
3332081415|
3913642356|
3970494302|
3970494308|
3913642348|
3913642339|at light
3913642303|at light
3913642311|at light
3913642343|at light
3913642310|reared from eggs found Intsia bijuga
3913642346|
3913642327|
3913652465|
3913652392|
3913642316|slender looping caterpillars on Pithecolobium dulce
3913642314|slender looping caterpillars on Pithecolobium dulce
3913642362|slender looping caterpillars on Pithecolobium dulce
3913642342|slender looping caterpillars on Pithecolobium dulce
3913642341|slender looping caterpillars on Pithecolobium dulce
3332081366|reared from caterpillar on rose
3332081442|reared from numerous caterpilllars on Messerschmidia argentea
3332081408|reared from numerous caterpilllars on Messerschmidia argentea
3970494303|reared from a looping caterpillar on Macaranga thompsoni
3970494310|
3913642345|Similar looping caterpillars were collected from Macaranga
3913642322|Similar looping caterpillars were collected from Macaranga
3913642320|at light
3913642323|
3913642369|
3332081382|from a pupa on leaf
3332081417|at light
3332081314|
3913642315|
3913642313|
3913642329|
3913642301|
3913642318|
3913642305|
3913642308|
3913642366|
3913642355|
3913642359|
3913642330|
3913642336|reared from looping caterpillar on Guettarda speciosa
3913642347|
3332081452|at light
3332081351|at light, paler specimens
3332081434|at light
3913652417|at light
3913652330|at light
3913652411|at light
3913652434|at light
3913652335|at light
3332081335|reared from foliage of Intsia bijuga
3332081305|
3332081492|swept from Pemphis at seashore
3332081350|reared from caterpillar feeding in flowers of Abelmoschus esculentus
3332081433|at light
3913652321|reared from caterpillars boring the tips of branches of a weed, Malachra capitata
3913652433|reared from caterpillars boring the tips of branches of a weed, Malachra capitata
3913652313|as a stem borer in cotton
3332081399|at light
3332081449|reared from a caterpilllar on leaf of Barringtonia speciosa
3332081467|at light
3332081364|
3332081371|labeled &quot;L. honesta&quot; which believed to be regia
3332081480|larvae found feeding in terminal leaf buds of Hibiscus tiliaceus, one moth reared
3913652490|at light
3913652408|at light
3913652405|at light
3970494311|taken on the screen as they came to light at our residence
3913652468|taken on the screen as they came to light at our residence
3913652463|taken on the screen as they came to light at our residence
3913652494|taken on the screen as they came to light at our residence
3913652332|taken on the screen as they came to light at our residence
3913652478|taken on the screen as they came to light at our residence
3913652424|taken on the screen as they came to light at our residence
3913652412|taken on the screen as they came to light at our residence
3970494307|four caterpillars on leaves of Ochrocarpus obovalis
3970494304|one moth matured from caterpillars on leaves of Ochrocarpus obovalis
3913652431|
3913652416|reared from a green caterpillar on mango
3970494309|at light
3913652415|at light
3913652353|at light
3913652318|
3970494301|
3913652473|our screen at night
3913652311|our screen at night
3913652504|our screen at night
3913652404|our screen at night
3913652453|our screen at night
3913652301|our screen at night
3913652455|our screen at night
3913652435|our screen at night
3913652350|our screen at night
3913652366|our screen at night
3913652470|in mangrove swamp
3913652364|swept from Thespesia populnea
3332081375|
3332081455|
3332081423|at light
3913652459|
3913652363|reared from Sida
3913652343|
3913652508|at light
3332081309|reared from Sida
3913642333|at light
3913642326|at light
3913642324|
3913642302|at light
3913642319|at light
3913642312|at light
3913642357|at light
3913642360|at light
3913642340|at light
3913642344|at light
3913642334|at light
3913642358|at light
3913642365|at light
3913642304|at light
3913642321|at light
3913642335|at light
3913642309|at light
3332081344|reared from larvae and pupae in rice seedling plots
3913642361|reared from larva on grass
3913642337|reared from an egg cluster found on porch screen
3913642306|Reared from larvae and pupae under stones in pasture
3913642363|reared from egg cluster on rose bush
3332081462|at light
3332081363|at light
3332081468|at light
3332081426|at light
3913652418|at light
3913652369|at light
3332081432|
3913652442|one moth was reared from a leafroller caterpillar on Colubrina asiatica
3913652409|
3913652310|
3913652398|
3332081438|
3913652401|at light
3913652483|at light
3986701301|
3986701302|
3986701303|a green species near marginata was reared from a colony of caterpillars which had webbed together the terminal leaves on a branch of Ochrosia mariannensis in the forest. There were 54 caterpillars in teh colongy. From them, 34 moths issued June 18-21 (some as cripples, which were not saved); 15 larvae and pupae died; thread worms issued from three; tachinid larvae issued from two (one of these died in puparium, the other issued a cripple).
3913652484|on honeydew melon
3913652322|on pepino melon
3332081431|
3332081361|
3332081306|
3913652387|all reared
3913652362|all reared
3913652391|all reared
3332081317|
3332081334|
3913652489|
3913652357|
3332081318|
3332081303|
3332081400|
3332081428|
3332081447|
3332081348|
3913652474|
3913652312|
3332081372|
3332081424|
3332081322|
3332081409|
3913652510|
3913652305|
3913652440|
3913652419|
3913652429|
3332081369|
3332081329|
3913652337|all reared, except a few taken at light
3913652432|all reared, except a few taken at light
3913652324|all reared, except a few taken at light
3913652314|all reared, except a few taken at light
3913652351|all reared, except a few taken at light
3332081381|all reared, except a few taken at light
3913652516|all reared, except a few taken at light
3913652372|all reared, except a few taken at light
3332081436|all reared, except a few taken at light
3332081427|all reared, except a few taken at light
3332081316|all reared, except a few taken at light
3986697305|
3986697302|
3914039301|on grass
3913652365|at light
3913652383|at light
3913652361|at light
3913652315|at light
3332081445|at light
3332081337|at light
3332081357|at light
3332081324|reared from corn
3332081310|reared from corn
3332081401|reared from corn
3332081482|reared from corn
3332081356|
3913652495|
3332081412|
3332081418|
3332081456|
3913652462|
3913652323|
3913652512|
3913652450|
3913652320|
3332081323|
3988005302|
3988005301|
3913652438|first record of it was under the name Pyrausta vastatrix, given by Schultze in Manila, a name wihich was later recognized as a synonym. It became a very serioudu pest in Guam.
3332081349|reared from leafroller on Elephantopus spicatus
3332081321|
3913652328|
3913652388|
3913652514|
3913652451|reared from Elephantopus, and two specimens at light
3913652410|reared from Elephantopus and a weed of the mint family
3332081478|
3913652428|reared from fruit of Barringtonia speciosa
3913652413|reared from leafroller caterpillars on agalunde, or a similar plant
3913652304|
3913652500|
3913652472|
3913652358|
3913652439|
3913652444|
3913652393|
3913652427|
3913652420|
3913652503|
3913652395|
3913652346|
3913652396|
3913652476|
3332081464|
3332081490|
3332081446|
3986713301|
3986713302|
3913652317|many coming to light
3913652422|reported a pyraustid moth (probably this species) which was destructive to lawns
3913652466|
3913652515|
3913652407|
3913652367|
3913652307|
3913652382|
3913652339|
3913652384|
3913652406|
3913652509|
3332081384|reared from cabbage
3913652389|at light
3913652329|at light
3913652481|at light
3332081396|
3913652316|found it on cabbage, but not as commonly as Hellula undalis
3913652399|found on radish and horseradish
3913652373|reared moths from cabbage
3913652376|reared moths from cabbage
3913652507|from Chinese cabbage
3986711301|
3986711302|
3913652426|small caterpillars were found in bean pods
3913652430|taken at light
3404208303|sugarcane
3404208304|sugarcane
3404208309|sugarcane
3404208301|Paspalum conjugatum
3404208307|corn
3404208305|common milkweed, Asclepias curassavica
3404208308|common milkweed, Asclepias curassavica
3404208310|taro, eggplant, cotton, cowpeas, watermelon, cucumber, radish
3331266301|taro
3423274304|
3423274308|
3423274307|
3332448310|
3332448302|
3423274306|
3423274301|
3423274305|
3423274303|
3334184301|from grass
3332448308|
3332448320|
3332448305|on rotten corn stalks
3423274302|
3332448311|
3332448317|
3332448319|
3332448309|
3332448301|
3332448318|
3423274309|
3332448304|at light
3332448314|&quot; ex rotten bark of dug-dug &quot;
3334184303|&quot; ex rotten bark of dug-dug &quot;
3334184302|at light
3332448307|&quot; ex rotten bark of dug-dug &quot;
3331243303|
3331243309|
3331243310|on &quot;pengua&quot; and Hernandia peltata
3331243312|
3331243305|on cane
3331243301|on Hibiscus tiliacceus
3331243315|on Leucaena glauca
3331243302|
3331243313|on Thespesia populnea
3331243307|Intsia bijuga
3331243311|on Pipterus argenteus
3331243304|
3331243314|on Gloehidion marianum
3331243308|on Erythrina indica
3331243306|Malachra capitata
3331179301|ex leaf mold
3331179307|
3404216307|
3404216308|
3331179306|in rotten seed of Barringtonia speciosa
3404216304|ex ferns
3404216305|
3404216301|ex Piper guahamense
3331179302|ex Morinda
3331179309|ex rotten log
3331179304|
3404216302|under bark
3404216306|ex dead small-leaved Ficus
3404216303|ex dead small-leaved Ficus
3400686301|delphacid leafhopper Sogata eupompe Kirkaldy
3400686302|delphacid leafhopper Sogata eupompe Kirkaldy
3331242310|
3331242305|ex ferns
3331242313|
3419536306|
3419536302|ex &quot; hamlat &quot;
3331242314|ex Premna
3331242307|
3331242311|ex Ipomoea pes-caprae
3331242303|ex ferns
3419536308|
3419536304|ex Polygonum
3419536303|ex Jussiaea
3419536305|ex Jussiaea
3331242301|
3419536307|ex Cycas
3419536301|ex Scaevola frutescens
3331242312|ex Piper guahamense
3331242302|ex Ficus
3331242304|ex Psychotria
3331245315|
3331245320|
3331245323|
3331245311|
3331245308|
3331245326|from dead breadfruit tree
3331245303|from Pipturus argenteus
3331245334|
3864423313|
3864423304|
3331245332|at light
3331245329|at light
3331245305|on Hernandia peltata
3331245328|on Barringtonia speciosa
3331245313|
3331245301|
3331245306|on Crotalaria saltiana
3864423307|
3864423314|
3864423301|
3331245312|on Barringtonia racemosa
3331245318|on corn tassels
3331245324|among dead papaya leaves
3331245317|under bark
3864423317|at light
3864423306|
3334354302|in house
3334354301|
3333026301|
3333026313|in dead leaf of Areca palm
3333026308|
3333026304|on Hibiscus tiliaceus
3864423305|from fallen breadruit at light
3864423309|
3864423312|
3333026315|
3864423315|
3864423316|
3333026307|on corn
3333026302|
3333026314|
3333026305|
3333026309|on corn tassel
3864423318|among dead papaya leaves and seed cluster of Coccothrinax palm
3333026312|on mango
3331245309|
3331245333|on Citrus
3331245327|
3864423308|
3864423302|
3864423310|on Pithecolobium dulce
3864423303|
3864423311|on Pithecolobium 
3331245314|
3331245316|on dead branches of Citrus and on Pithecolobium
3331245331|
3331245325|
3331245322|miscellaneous sweeping
3331245304|among dried leaves of felled trees
3331245330|
3333885301|from rotten log
3331180303|
3331180307|from Pandanus log
3331180308|from log of fertile breadfruit
3331180306|in Areca palm stump
3416990301|Lumnitzera pedicellata
3416990302|in log
3331180302|from rotten log
3331180304|from rotten log of Pandanus
3331244304|on Glochidion marianum
3863915302|
3331244303|
3331244303|
3331244303|
3331244303|
3331244303|
3331244303|
3331244312|
3331244305|
3331244313|
3331244318|
3863915304|
3863915311|
3331244325|
3331244315|
3863915301|
3331244308|
3331244308|
3331244310|
3331244310|
3331244316|
3331244319|
3331244321|
3331244321|
3331244311|
3331244317|collected on Hibiscus tiliaceus leaves
3331244322|psyllid infestations noted on same tree (Hibiscus tiliaceus)
3331244309|
3331244309|
3863915306|
3863915308|
3331244320|swept from morning-glory vines
3331244320|swept from morning-glory vines
3863915309|from the leaves of Heritiera littoralis, a tree growing near the shore along the road
3863915305|from the leaves of Heritiera littoralis, a tree growing near the shore along the road
3331244302|reared from Calophyllum inophyllum leaves
3331244307|on beach, on Calophyllum inophyllum
3331241319|ex Hibiscus tiliaceus (pago)
3331241321|
3331241303|from Cycas
3331241310|
3878849315|miscellaneous sweeping
3878849324|
3878849311|
3878849303|
3331241328|swept from unknown tree
3878849326|
3878849309|swept from bamboo
3331241329|
3331241315|
3331241314|
3878849322|
3878849310|
3878849306|on bamboo leaves
3331241305|from Pithecolobium
3879202301|from Thespesia populnea
3879202302|from Calophyllum inophyllum
3331241311|on Psychotria
3331241336|
3878849307|on Cycas
3878849321|on Piper guahamense
3331241331|on sword grass
3331241335|
3331241337|under bark
3331241318|
3878849314|
3878849301|
3878849305|in rotten trunk of Areca palm
3878849317|in rotten Pandanus trunk
3878849302|
3878849308|in rotten stump
3878849312|from pigeon pea
3878849320|from corn
3878849323|from Ipomoea pes-caprae
3878849319|
3878849325|on sedges
3331241302|among dried leaves on fallen tree
3331241304|on weeds
3331241320|pumpkin leaves having mildew
3331241341|
3878849316|
3878849313|among dead leaves
3878849304|
3878849318|on rice
3331241309|on sugar cane
3331241332|from weeds
3331241317|on Sida
3331241322|from Ochrosia and Piper guahamense
3331241307|on Cycas
3331241313|from Hibiscus tiliaceus (pago)
3331241312|
3331241301|
3331241338|
3331241323|on Intsia bijuga
3879094302|
3879094301|
3331241340|
3865849301|on leaves of Ficus species and abundant in rolled and crumpled new leaves
3864798303|on rice
3864798305|in flowers of Leucaena glauca and Barringtonia racemosa
3864798307|in flowers of Leucaena glauca and Barringtonia racemosa
3357451310|on morning-glory leaves
3357451312|in flowers of Leucaena glauca
3357451306|in flowers of Barringtonia racemosa
3357451308|in flowers of Barringtonia racemosa
2562045202|
2562045194|Cestrum pallidum
3864798302|on leaves of Terminalia catappa
3864798312|on Pithecolobium dulce leaves
3864798304|on mango leaves
3864798306|on rose
3864798301|on Barringtonia racemosa
3357451302|on leaves of Barringtonia racemosa
3864798313|on dead twigs of Artocarpus communis
2562045200|under bark of Hibiscus tiliaceus along with Mesothrips swezeyi
2562045195|under bark of Hibiscus tiliaceus
3357451317|on Heliotropium indicunt
3357451320|on young coffee berries
3357451311|on young coffee berries
3865849302|leaves of Phyllanthus marianus
2562045201|on algae-covered bark
3357451309|on unidentified tree, in company with Ceroplastes floridensis
3864798308|on grass
3864798309|from unknown host plant
3357451319|on leaves of Elephantopus spicatus
3864798310|under bark of Hibiscus tiliaceus
3864798311|under bark of Heritiera littoralis
3357451315|under bark of Elaeocarpus joga
3866005301|dead specimen collected by a student on bark of Pithecolobium tree at Root Agricultural School
3866005349|at light
3866012301|
3866005316|
3331219306|
3866011301|
3866011302|
3866005341|
3866005322|
3866005325|
3866005319|
3866005328|
3866005339|
3331219335|
3331219312|
3331219334|
3331219307|
3331219315|
3331219308|
3331219316|
3331219328|
3866005306|
3866023301|
3866023302|
3866005331|
3866005313|
3866005324|
3866005303|
3331219327|
3331219331|
3331219318|
3866005344|
3866005318|
3866005311|
3866005315|at light
3333897302|
3333897301|
3866005335|
3866005337|
3866005320|
3866005348|
3866005314|
3333897306|
3333897307|
3333897305|
3866005321|
3866005347|
3331219317|
3331219332|
3866005309|
3866005346|
3866005317|
3866005342|
3866005330|
3866005336|
3866005327|
3331219333|
3866005305|
3866005332|
3866005307|
3866005323|swamp 3 miles south of Piti
3866005304|
3866005334|
3866005333|
3866005338|
3866005310|
3866005343|at light
3866005345|
3866005302|
3866005312|
3331441302|dead bamboo stub
3404211301|ex Pandanus log
3404211302|ex Pandanus log
3331441301|ex Hibiscus tiliaceus log
3331441304|ex log of fertile breadfruit
3331441305|ex log of fertile breadfruit
3333035315|swept from scale-infested bamboo
3333035301|reared from eggs of a katydid
3333035322|ex bean leafminer
3333035310|ex bean leafminer
3333035323|
3333035316|
3333035317|
3333035311|ex small fig
3333035303|ex larger fig
3333035313|ex Ficus mariannensis
3333035309|ex fruit of small-leaved fig
3333035304|
3333035304|
3333035312|
3333035318|ex figs of large-leaved Ficus
3333035307|
3333035308|ex sphingid egg on Caesalpinia
3333035308|from Piper guahamense
3333035308|reared from sphingid egg on Guettarda
3333035314|reared from puparium of a syrphid fly on corn leaf
3333035321|ex Ceresium larvae
3333035324|reared from a Chrysopa cocoon
3333899310|
3417668305|
3404214306|
3404214308|seaweed
3417668303|
3404214302|on corn
3404214309|on dead Areca palm leaves
3417668306|on cane
3333899318|
3404214304|
3404214307|
3417668304|
3417668308|
3404214305|
3404214303|
3404214301|
3404214310|
3333899307|ex Ochrosia fruits
3333899305|ex Ochrosia fruits
3333899309|ex Ochrosia fruits
3417668307|
3417668302|in field on fruits of Ximenia americana
|
3417668301|ex Cycas
3417668309|
3333899306|
3333899304|
3333899312|
3334693313|
3334693403|sifted from leaf mold on ground
3334693355|swept from lawn grass
3862685318|
3334693381|under stones
3862685373|
3862685355|in moss
3334693379|under bark
3862685378|
3862685400|
3862685302|
3334693386|
3862685323|
3862685372|in cane fields often nesting in rotten cane, often associated with mealybugs
3862685385|in the house
3862685374|the garden
3862685340|the lawn
3862685306|nesting under bark of Pithecolobium
3862685314|in dead branch of breadfruit and orange
3862685311|in rotten bamboo stumps
3862685354|on corn
3862685358|cacao
3862685375|pumpkin vines
3862685339|in one nest among bases of coconut leaf stems were the small yellow lepismids which are inhhabitants of ant nests
3351983302|
3862685377|
3862685407|in garden
3335007302|in rotten sugar cane
3862685326|
3862685396|on sugar-cane leaf
3862685402|
3334693304|
3334693398|
3334693371|in rotten log
3334693367|in rotten stump of Lumnitzera
3862685363|
3862685313|
3862685308|in garden
3862685336|in cane field
3862685350|in dead bamboo
3862685309|
3862685351|
3862685345|
3862685389|
3334693327|under bark or in rotten log
3334693341|
3334693325|
3334693382|
3334693404|
3862685305|
3862685383|
3334693365|
3862685328|
3862685381|
3862696301|rotten logs
3862696303|under stones
3862685356|one populous nest was in the dead frond of the giant fern (Angiopteris evecta)
3862696302|on garden plants and shrubbery
3862696304|swept from most plants in the forests
3862685366|running on the floor of residence and in corners
3334693366|on tangerine trunk
3334693375|
3334693363|on Pithecolobium
3334693310|
3334693306|
3334693393|in breadfruit log
3334693369|
3334693376|nest in old seed of (chopag) Ochrocarpus obovalis
3334693373|in garden
3334693315|in dead orange twigs
3334693362|
3862685349|
3862685332|
3862685387|
3334693400|nest in rotten stick
3862685368|
3862685315|
3862685307|
3334693357|
3334693368|nest in stump of Lumnitzera
3334693388|
3334693402|
3334693350|nest in bamboo stump
3862685399|
3862685342|in stumps and rotten logs
3334693359|
3334693374|in cane field
3862685338|
3334693336|
3862685398|
3862685394|
3334693345|
3334693408|
3334693383|under stones
3334693326|
3334693318|
3334693356|
3862685352|on cane
3862685364|in garden
3334693396|
3334693342|
3334693405|in bamboo stump
3862685310|
3334693380|in house
3334693401|in garden
3334693303|in garden
3334693302|
3862685312|
3862685334|under bark or in rotten log
3862685353|
3862685341|
3862685384|
3862685348|
3862685325|
3862685371|
3862685322|
3862685320|
3862685403|
3862685388|
3334693316|
3334693392|
3334693340|
3862688302|in house
3862688303|among leaves and trash on the ground in the forest areas
3862688301|at the base of a rotten banana stem
3862685344|in rotten Pandanus log
3862685369|in house and at base of sedges
3862685337|swept from sedges
3862685357|
3862685335|
3862685386|swept from lawn grass and found in garden
3862685393|swept from lawn grass and found in garden
3862685392|swept from lawn grass and found in garden
3334693301|
3862685347|
3862685324|
3862685390|
3862685333|
3862685391|
3862685329|
3334693348|
3334693335|
3334693307|
3334693324|
3862685359|
3862685331|
3862685401|
3862685361|
3862685395|
3862685379|
3862685367|
3862685330|
3334693395|
3862685321|
3862685365|in house
3862685301|in house
3862685360|
3862685404|
3334693334|
3334693399|in garden
3334693370|in dead orange twigs
3334693406|swept from lawn grass
3334693328|
3334693360|
3334693322|
3334693372|
3334693407|in dead bamboo
3862685303|
3862685406|at light
3862685346|
3334693353|nest in passion fruit
3862685316|with mealybugs on cane
3862685397|with mealybugs on cane
3862685408|nest under bark
3862685319|
3334693378|on spiny amaranth
3334693332|with aleurodid (Neomaskellia bergii) on cane
3862685327|
3862685380|
3862685382|
3334693343|
3334693409|
3334693384|
3862685370|
3862685409|
3334693349|
3862685304|
3862685376|
3862685362|
3441224403|
3441224381|ex papaya log
3441224363|in rotten breadfruit on the ground
3441224318|under bark
3441224326|in cow dung
3331604376|in rotten banana stem
3331604347|
3441224393|ex Pandanus log
3441224310|
3861811302|under bark
3861811303|under bark
3441224366|in house
3441224383|on royal palm
3441224340|at light
3441224322|in dead coconut petiole
3855283307|on corn
3331604367|
3331604346|
3441224379|under bark
3441224375|
3441224315|at light
3441224365|at light
3441224313|
3441224319|
3441224343|on coconut
3441224356|on Pandanus
3441224302|on Pandanus
3861811301|on coconut leaves
3441224344|in our house
3441224335|in our house
3855283301|in our house
3855283308|taken in the kitchen
3441224371|
3441224334|
3441224412|
3441224372|
3441224345|
3441224361|
3441224380|on rice
3441224362|on rice
3441224409|
3441224352|on sugar cane
3441224368|
3441224316|
3441224400|
3441224329|
3441224347|on banyan
3441224360|
3441224397|on cotton
3441224351|
3441224406|on Thespesia populnea
3441224394|on corn
3441224350|on Pipturus
3441224333|on Ipomoea and Glochidion
3441224321|
3441224390|
3441224331|
3441224364|
3441224382|at light
3441224339|
3441224307|
3441224377|on sugar cane
3441224304|ex grass
3441224391|on rice
3441224373|
3441224355|on corn
3441224357|
3441224376|
3441224384|
3441224311|
3441224354|
3441224374|
3441224405|hills
3441224396|hills
3441224332|
3334694302|
3441224370|
|
3441224323|
3441224328|
3441224408|
3441224330|
3441224320|
3441224349|
3441224404|
3441224401|
3441224369|
3441224308|on rice
3441224348|on tobacco
3441224309|
3441224389|on rice seedling plot
3441224402|
3441224341|
3441224301|in cornfield
3441224387|on corn
3441224367|on pumpkin vine
3861809304|in cornfield
3441224398|
3441224336|
3441224314|on pumpkin vine
3861809305|in house
3861809306|in house
3861809302|in house
3861809301|in house
3861809303|
3441224327|on Hibiscus tiliaceus
3441224385|in house
3441224410|in corn field
3331604379|taken in the house
3855283306|
3855283304|
3855283303|
3331604304|in house
3441224358|
3441224312|
3441224386|ex grass
3441224395|
3441224306|
3441224337|
3441224324|
3441224392|on rice
3441224317|on rice
3441224338|
3441224342|
3441224407|
3441224353|
3441224413|
3441224325|
3855283302|
3334692390|
3334692600|beach near Atao
3994027532|
3334692335|
3334692364|
3334692308|at light
3334692343|
3334692479|from Hibiscus tiliaceus
3334692388|
3334692607|on corn
3334692583|
3334692584|on weeds
3334692351|on corn
3994027481|
3994027314|at light
3994027323|attracted to corn tassels
3994027527|on seed cluster of palm, Coccothrinax species
3994027318|
3334692387|
3994027333|attracted to corn tassels
3994027479|
3994027427|
3994027334|on Euphorbia hirta
3994027561|
3994027327|on Euphorbia atoto
3994027421|
3994027378|on mango
3334692423|
3334692333|on mango
3334692303|on ferns
3334692461|
3334692556|on Hibiscus tiliaceus
3334692510|at light
3334692506|on mango
3334692419|at light
3334692435|on bamboo
3334692524|on mango
3334692393|on Pithecolobium dulce
3334692530|
3994027469|on Cycas
3994027304|on Ochrosia
3334692370|on coconut
3334692475|on mango
3334692559|on Barringtonia racemosa
3334692546|on mango and Thespesia populnea
3334692385|on Hernandi peltata
3334692446|on grape and mango
3334692534|
3334692311|on Macaranga
3994027426|on Glochidion and Citrus
3994027320|on mango anad Mallotus
3994027407|on small-leaved Ficus
3994027324|on Terminalia catappa
3334692509|on mango
3334692581|on corn
3994027315|
3994027466|
3994027548|at light
3994027553|
3994027492|
3994027311|
3994027424|at light
3334692527|at light
3334692544|grubs were found at corn roots
3994027453|the species whose grubs were found at pineapple roots and mentioned Lachnosterna species by Vandenberg in the 1930 report
3994027471|
3994027394|in corn field
3334692543|in cow dung
3994027408|in cow dung
3994027385|in rotten breadfruit
3994027388|
3994027525|in cow dung
3994027309|
3994027359|
3994027529|
3994027307|
3994027384|on corn leaf
3994027460|ex rotten breadfruit trunk
3994027401|
3994027514|at light
3994027556|at light
3994027337|at light
3994027305|at light
3994027325|at light
3994027329|at light
3994027341|at light
3994027390|at light
3994027414|at light
3994027486|at light
3994027493|at light
3994027387|on bamboo
3994027443|on screen door at Pan-American Airways mess hall
3994027538|grubs found at corn roots, a little north of Dededo
3334692511|
3334692352|
3334692369|
3334692575|
3334692363|
3994027396|on Pithecolobium
3994027480|
3994027330|
3994027449|on Citrus
3994027470|on Ficus
3994027361|
3334692361|reared from Hibiscus tiliaceus
3994027524|
3994027506|
3334692396|reared from dead Ficus
3334692469|at light
3994027340|larvae were found in living cacao trees
3994027455|
3994027464|
3994027364|
3994027393|
3994027301|
3994027547|
3994027446|
3994027546|
3994027468|
3994027344|
3994027550|
3994027354|
3994027467|
3334692444|
3994027534|reared from Intsia bijuga
3994027358|
3994027328|
3994027367|
3994027406|
3994027417|on Hernandia blossoms
3994027312|in rotten log
3994027332|at light
3334692599|under bark of Elaeocarpus joga log
3334692377|under bark of dead orange tree, found at widely distributed places
3994027357|
3994027374|
3994027376|
3334692318|in package of food
3334692342|in old cotton ball
3334692391|in rotten bamboo stubs
3334692553|
3994027343|
3994027436|under cow dung
3334692502|at light
3334692420|under bark of Intsia bijuga log, a widely distributed species
3994734302|at light
3994734301|at light
3994734303|
3334692321|in rotten Areca palm trunk, described from Borneo, determined by H. S. Barber, U. S. National Museum
3994027560|in rotten Pandanus trunk
3994027540|in rotten breadfruit trunk
3334692517|in Areca palm
3334692448|in Pandanus
3334692337|in Pandanus
3334692574|in sugar cane
3334692411|
3994027520|miscellaneous sweeping
3994027549|under bark
3334692603|rotten log
3334692307|in Intsia bijuga
3334692518|in breadfruit
3334692359|in breadfruit
3334692432|in bamboo stubs
3334692410|in rotten log
3994027541|in petiole of dead coconut leaf
3994027559|
3334692485|among dead leaves
3334692332|in rice field
3334692579|in cow dung
3994733301|obtained in residence apparently from a porch floor board as there was an exit hole which appeared fairly fresh.
3334692310|altitude 1,334 ft., dead on summit
3334692472|
3334692588|on Antigonon leptopus vine on trellis
3334692508|on corn leaf
3994027397|
3994027370|
3994027437|
3994027360|
3994027511|
3994027557|
3994027365|
3334692594|on tangerine trunk
3334692486|on lime tree
3334692407|on Citrus
3334692382|
3334692545|on Citrus
3994027423|
3994027411|beaten from Citrus
3994027375|
3334692597|on Citrus
3994027477|
3994027542|on Intsia bijuga
3334692440|
3994733306|larvae were found very abundant under bark of remaining top of an Intsia bijuga tree which had been cut off for timber. From portion of branch, adults issued between August 3 and October 1.
3334692316|
3334692572|under cow dung
3334692394|under stones
3334692346|under stone
3994027321|
3994027513|
3994027363|
3994027530|
3994027472|
3994027496|
3994027494|
3994027362|
3994027450|at light
3334692412|in oat bin
3994027346|
3994027439|
3994027391|in house
3994027409|
3994027382|
3994027431|
3994027413|
3994027554|
3334692462|among dead leaves
3334692564|in rotten Pandanus log
3334692522|under cow dung
3994027487|
3994027356|under rotten board
3334692401|in dead stem of Barleria cristata
3334692608|in rotten bamboo stumps
3994733304|
3994733303|in rotten sugar cane
3994027404|
3994027508|under coconut husk and stones in pasture
3334692397|in dead corn stalk
3994027316|swept from ferns
3994027319|
3334692540|under bark
3334692433|
3334692542|in papaya log
3334692497|in rotten banana stem
3994027521|at British Museum
3994027459|in rotten banana stem
3994027377|in rotten banana stem
3334692451|in rotten breadfruit on ground
3334692323|in rotten breadfruit
3334692322|in royal palm top where infested by Rhabdocnemis obscura
3334692437|in rotten banana stem
3334692496|at light
3334692430|
3334692604|
3994027497|at light
3994027501|at light
3994027368|swept from bamboo
3994027347|
3994027429|found infesting the bamboo shades on the porch of our residence
3334692380|
3334692458|
3994027302|
3994027371|
3994027528|
3994733305|
3994733302|
3994027445|
3994027350|
3994027336|in the house
3994027510|
3994027442|
3994027499|
3994027457|
3334692476|
3334692408|
3334692368|
3994027317|
3994027537|
3334692376|
3994027504|
3994027422|
3334692301|
3994027555|
3994027451|
3994027389|the ladybeetles were found on bamboo infested with a different kind of scale, in sufficient numbers so that they were collected for shipment by Clipper plane to Honolulu
3334692495|on Sophora tomentosa
3334692577|
3334692409|
3994027505|
3994027351|
3334692590|
3994027490|
3334692413|small black dermestid
3994027430|on mango
3994027458|
3994027420|on Barringtonia
3994027461|
3994027522|on Morinda
3994027383|
3994027308|
3994027440|
3994027399|
3994027416|
3994027488|
3994027509|
3994027395|
3994027338|
3334692327|
3994027398|
3994027489|
3334692442|
3334692338|
3334692439|
3334692494|
3334692406|
3334692592|
3334692425|
3994027507|
3994027545|
3334692531|
3334692533|
3334692585|among dead leaves
3334692453|in dead rachis of Angiopteris evecta
3334692355|in rotten log
3334692415|under coconut husk on ground
3334692480|in log
3334692504|under bark
3994027523|in rotten banana stem
3994027400|among dead papaya leaves
3994027331|
3334692383|
3334692521|in rice field
3334692529|in corn field
3334692354|in corn field
3994027373|
3994027438|
3994027498|
3994027339|in corn field
3334692434|in rice field
3334692386|on corn
3994027342|
3334692491|
3334692503|
3334692571|
3994027419|
3994027348|
3994027372|
3994027369|
3994027418|
3334692567|
3994027515|
3994027462|
3994027448|
3334692375|
3994027405|
3994027326|
3334692309|
3334692473|
3994027452|
3994027306|
3334692598|
3994027526|
3994027381|
3334692315|
3334692340|
3334692589|
3334692336|
3994027366|
3994027349|
3334692482|
3994027412|is a rare ladybeetle 
3334692460|
3334692538|
3334692349|
3334692443|
3334692568|
3334692314|
3334692516|
3334692523|
3334692463|
3334692427|
3334692563|
3334692426|
3336142316|abundant in Guam, under bark, where there was quite a clearing of felled trees which had attracted a good many insects, and in which many of the logs had loosened bark
3994027441|under bark of Intsia bijuga
3994027380|under bark of Intsia bijuga
3334692578|on beach shrubs
3334692483|
3334692547|on corn
3334692347|on flowers of Leucaena glauca
3334692313|on sugar cane
3994027352|
3994027516|in Grapenuts
3994027500|
3994027335|in house
3994027454|
3994027495|on corn
3994027475|
3994027353|among dead leaves of a fallen tree
3994027444|on pumpkin vine
3994027491|
3994027322|in house
3994027303|
3334692520|on Pithecolobium
3334692499|under bark of Hibiscus tiliaceus
3334692416|in rotten log
3334692334|in rotten log
3334692395|under bark
3334692456|in dead orange twigs
3334692565|under bark of dead orange tree
3334692403|under bark
3334692381|under bark
3334692467|under bark of dead Annona reticulata
3334692449|under bark
3334692526|ex Intsia bijuga
3334692320|ex dead branch of small-leaved Ficus
3334692457|sweeping dead twigs and leaves of a felled tree
3994027517|under loose bark of dead orange tree
3994027502|in oat bin at stable of Root Agricultural School
3994027428|all from rotten breadfruit on the ground
3994027531|all from rotten breadfruit on the ground
3334692536|from fungus
3334692560|from fungus
3994027512|ex rotten breadfruit
3994027533|ex rotten bamboo sprouts
3994027386|ex rotten papaya trunk
3994027503|ex rotten Pandanus fruit
3334692404|ex wild papaya
3334692371|ex rotten breadfruit on ground
3994027345|in fungus
3994027434|on sugar cane infested with Pseudococcus boninsis
3994027447|in rotten breadfruit
3994027403|in rotten cucumbers
3994027551|on beach shrubs
3994027484|
3334692557|
3334692306|in pods of Pithecolobium dulce
3334692551|in rotten breadfruit
3994027425|on sugar cane infested with Pseudococcus boninsis
3994027463|in rotten breadfruit
3334692324|under bark of dead Pandanus
3334692392|in ear of corn infested with corn earworm
3334692366|under bark
3334692356|on corn
3334692525|in rotten breadfruit
3994034302|on corn, among dead papaya leaves and in seed cluster of an ornamental palm
3994034301|on corn, among dead papaya leaves and in seed cluster of an ornamental palm
3994027476|
3994027379|abundant in rotten Pandanus fruit on ground
3334692414|on sugar cane infested with Pseudococcus boninsis
3334692431|under stone
3334692498|in rotten breadfruit on ground
3994027536|in rotten sugar cane
3994027543|
3334692447|ex wild papaya
3334692362|ex rotten seed of Ochrocarpus obovalis
3334692312|in rotten breadfruit
3334692601|ex rotten Pandanus trunk
3334692561|
3334692591|
3334692344|ex fig on ground
3994027392|
3994027485|ex rotten breadfruit on ground
3334692325|ex rotten bean pod
3994027474|in trash under banyan tree
3994027539|
3334692596|in Pandanus fruit on ground
3334692471|on wild papaya
3334692554|in rotten breadfruit on ground
3334692477|
3334692441|from Pandanus
3334692573|ex cow dung
3994027432|at light, a cosmopolitan species
3994027465|a cosmopolitan species
3334692399|at light, described from Formosa
3994027535|a cosmopolitan species
3994027482|a cosmopolitan species
3334692348|in rotten breadfruit on ground, described from Japan
3994027544|on weeds in cane field
3994027355|on weeds in cane field
3994027310|on weeds in cane field
3994027433|on weeds in cane field
3334692450|a cosmopolitan species
3994027410|
3994027552|predacious on leaf mites on Ipomoea vines
3994027558|on leaves of Hibiscus tiliaceus
3994027456|
3994027415|at light
3334692558|under old coconut husk in cow pasture
3994027402|on lawn
3994027478|recorded as Chlaenius biguttatus
3334692341|in concrete reservoir
3334692365|in rice field
3334692328|in pail of rain water
3334692379|
3994027519|
3994027483|
3334692489|determined as Tachys sp. by E. B. Britton, but was lost off the pin point on the return trip from the British Museum
3334692398|Determined by E. B. Britton
3334692512|
3334692605|in concrete reservoir
3331391302|
3331391303|
3331391301|reared from green caterpillar on Morinda indica
3331391307|
3399820309|reared from Ipomoea species
3399820305|reared from Ipomoea species
3399821301|at light
3399821302|
3399820306|reared from Ipomoea species
3399820307|reared from green caterpillar on Morinda indica
3399820308|reared from Morinda indica
3399820301|at light
3399820303|reared from green caterpillar on Morinda indica
3399820304|
3399820310|at light
3332978342|
3332978305|
3332978357|
3332978316|
3332978322|
3881969301|
3881969331|
3881969304|on corn
3332978354|
3332978384|
3881969322|
3881969308|
3881969312|
3332978327|
3332978330|
3332978349|on sedges
3332978363|from Morinda sp.
3332978317|
3332978313|
3332978343|
3881969305|
3881969328|from Piper guahamense
3332978392|
3332978355|
3332978315|
3332978361|
3332978372|
3332978381|
3332978365|
3881969327|
3881969318|
3881969315|
3881969334|on rice
3881969310|on rice
3881969311|
3881969326|
3881969323|
3332978346|on Ficus sp.
3332978301|on Ficus sp.
3332978326|on Premna sp.
3332978367|
3332978352|
3332978345|
3332978324|
3332978309|
3332978341|on Glochidion sp.
3332978347|
3332978331|
3332978379|on Glochidion
3333025301|
3333025302|from Icacorea (Ardisia)
3333025303|
3881969319|
3332978334|on Cacao
3332978351|on Guettarda
3332978356|on Ficus tinctoria (hodda)
3332978310|
3332978311|on Ipomoea sp.
3332978382|on Ipomoea sp.
3332978391|on Hernandia sp.
3332978321|on Hernandia
3332978340|
3332978377|
3332978332|on Piper guahamense
3332978353|
3332978360|
3332978366|on Pandanus
3332978302|
3332978307|
3881969306|
3881969316|
3332978364|from Pandanus
3332978323|from Macaranga
3332978390|
3332978383|
3332978374|
3332978303|
3881969321|
3881969325|
3881969302|
3881969329|
3881969320|on Intsia bijuga
3881969330|
3881969332|on sugar cane
3881969303|
3881969307|
3332978369|on milo
3881969324|on Pemphis
3881969314|on milo
3332978386|
3332978387|on grass
3881969317|grasses and sedges
3881969333|on grass
3332978319|on Morinda sp.
3332978380|on Morinda sp.
3332978378|
3332978371|on Morinda sp.
3332978358|on Morinda sp.
3881969313|on Morinda sp.
3881969309|on Morinda sp.
3332978325|from Morinda sp.
3332978339|from Morinda sp.
3332978376|from Morinda sp.
3332978336|from Morinda sp.
3334845301|at light
3334845302|
3334845303|
3332978373|from Macaranga sp.
3332978359|
3332978389|from Macaranga sp.
3332978308|on Barringtonia speciosa
3332978385|on Barringtonia sp.
3332978329|on Barringtonia speciosa
3332978312|from sedges
3332978333|from sedges
3332978335|
3332978388|
3332978350|on Pipturus sp.
3332978304|from beans
3333888307|in rotten log
3333888302|ex Pithecolobium
3333888313|one at light
3419535303|
3419535304|
3419535305|
3419535306|at light
3419535301|in a house
3333888301|ex Lumnitzera
3333888304|ex Lumnitzera
3333888306|
3333888314|Pithecolobium dulce
3333888312|
3333888311|
3419535302|
3333888303|
3333888309|
3334698330|swept from Glochidion marianum
3874685332|
3874803301|
3874803302|
3874685313|infested cucumbers in a school garden
3874685310|infested cucumbers in a school garden at Piti
3874685312|a garden of the plateau on malformed cucumber and two small pumpkins
3874685328|the Agana vegetable market on an infested cucumber
3334698331|
3334698304|
3874685309|
3874685326|
3874685314|
3874685303|
3874685331|
3874685304|
3874685318|
3334698312|
3334698322|on bullock
3334698332|
3334698328|carabao dung
3334698326|
3874685305|at light
3874685311|attracted to dead slugs
3334698337|
3334698313|
3874739303|
3874739301|
3874685320|
3874685329|
3874685327|
3334698314|
3334698324|
3334698308|
3874685317|maggots feeding in cow and carabao dung
3334698333|ex rotten breadfruit
3334698325|ex rotten breadfruit
3334698309|puparium found in tunnel of European corn borer
3334698317|ex rotten bean pods
3334698311|
3874685302|
3874739302|
3874739304|
3334698302|ex rotten sugar cane
3874685315|
3874685306|
3334698321|
3334698329|
3874685301|
3334698327|
3874685322|
3874685319|feeding on Aphis maidis on corn
3334698336|
3874685324|collected on surface of water in water barrel
3874685316|
3874685330|at light
3874685321|
3334698320|
3334698338|
3334698335|
3334698301|
3334698316|
3334698323|
3334698315|attracted to dead slugs
3874685308|
3874685325|
3333898330|
3333898326|
3333898303|
3864422320|
3864422313|
3864422329|
3864422323|
3864422324|
3333898320|
3333898314|
3864422315|
3866139306|
3866139302|
3866139304|
3866139301|
3866139308|
3866139305|
3866139307|
3866139303|
3864422301|
3864422331|
3333898329|
3333898311|
3333898301|
3333898321|
3333898309|
3333898315|
3333898327|
3333898310|
3866140302|
3866140305|
3866140304|
3333898304|
3866140301|
3866140306|
3866140303|
3333898306|
3864422303|
3864422336|
3864422340|
3864422312|
3864422311|
3864422308|
3864422304|
3864422332|
3864422326|
3864422307|
3864422319|
3864422327|
3864422322|
3864422325|
3864422317|
3864422342|
3864422334|
3864422338|
3864422305|
3864422306|
3864422333|
3864422302|
3864422328|
3864422316|
3864422341|
3333898319|
3864422343|
3864422335|
3864422314|
3333898325|
3333898312|
3864422337|
3864422310|
3333898302|
3864422321|
3404213315|5 were from dead leaves of  fallen tree while 2 were beaten from dried leaves of fallen branches
3331287324|Pandanus leaves
3331287328|Citrus 
3331287330|
3331287305|holotype and one paratype from Pipturas and other two paratypes from Ficus small leaf
3331287303|
3404213302|Glochidion
3404213317|garden
3404213305|dead orange twigs
3404213309|dead breadfruit brach
3404213308|bamboo
3404213316|Citrus
3331287311|Hernandia
3404213313|dry leaf of a large taro
3404213304|Thespesia populnea
3404213318|seed cluster of a palm (Coccothrinas)
3404213303|roof of thatched house
3404213310|intercepted aboard Philippine Clipper seaplane from Hong Kong
3404213306|Barringtonia
3331287323|
3412549303|
3331287322|
3331287302|Messerschmidia (Tournefortia)
3404213307|dead breadfruit
3404213312|
3331287314|dead corn stalks
3331287308|fallen breadfruit
3412549302|
|Barringtonia speciosa
3331287312|Hernandia
3331287315|
3331287304|Piper guahaniense
3404213314|
3404213311|seed cluster of a palm (Coccothrinax)
3331442302|
3331442303|
3331442301|
3422613350|
3422613316|
3422613321|
3422613327|
3422613357|
3422613347|
3422613309|
3440308303|
3422613329|
3422613344|
3422613337|
3422613334|
3422613331|
3422613356|
3422613314|
3422613330|
3422613343|
3422613351|
3440308305|
3331348302|
3422613336|
3422613324|
3422613338|
3331348304|
3331348314|
3422613332|
3422613317|
3422613325|
3422613342|on Heritiera littoralis
3422613359|
3422613339|
3422613352|
3422613322|
3422613346|
3422613319|
3440308304|
3440308301|
3459539301|
3422613320|
3422613348|
3422613341|
3422613311|
3422613305|
3331348310|
3422613340|
3422613315|
3331348303|
3331348315|
3331348305|
3422613302|
3422613349|
3422613328|
3331348311|
3422613303|
3422613318|
3422613304|
3422613310|
3422613312|
3422613326|
3440308302|
3901040303|ex eggs of Perkinsiella thompsoni Muir in sugar cane leaves
3345364332|ex eggs of Caecilius analis on sugar cane
3345364327|swept from lawn grass
3345364350|ex eggs of Peregrinus maidis (Ashmead) in corn leaves
3901040315|swept from bean vines
3901040378|swept from Piper guahamense
3901040393|ex puparium of Ophyra chalcogaster Wiedemann in cow dung
3901040335|swept from bamboo
3901040306|
3901040377|
3901040308|
3901262302|a single specimen ex larva of Agrilus occipitalis (Eschscholtz) in orange branch
3901040333|in house
3901040332|in house and on mango leaves
3901040340|in house and on mango leaves
3901040346|in house and on mango leaves
3901040372|
3345364358|
3901040321|
3901040379|
3901040322|
3901040368|swept from coconut leaves
3901040323|on Pandanus
3901040361|swept from Glochidion
3901040328|
3901040390|swept from mango
3345364356|
3345364362|from Passiflora foetida vine
3345364311|reared from the mealybug Pseudococcus boninsis (Kuwana) on sugar cane
3901040301|
3901040381|swept from Intsia bijuga
3901040349|on Cestrum pallidum
3901040375|
3901040302|
3909827302|this is a parasite of the mealybug Ferrisia virgata (Cockerell)
3901040310|
3901040313|from the fruit of native Ficus trees
3901040357|from fruit of a narrow-leaved Ficus
3901040369|from fruit of a narrow-leaved Ficus
3345364361|ex fruits of small-leaved Ficus
3901040304|ex fruits of a large-leaved Ficus
3901040356|ex fruits of small-leaved Ficus
3901040374|
3901040354|
3901040396|
3901040384|ex fruit of small-leaved Ficus
3345364314|
3345364360|in the same district where it was collected by Fullaway in 1911
3351975301|swept from ferns
3901040327|ex pupa on leaf of Guettarda speciosa
3901040362|
3901040400|
3901040345|ex cocoon of coconut moth, Agonoxena pyrogramma Meyrick
3901040360|ex pupa of European corn borer, Pyrausta nubilalis (Hubner)
3901040367|ex pupa of Timandra aventiaria Guenee on Pithecolobium
3901040325|swept from Pithecolobium
3901040307|ex pupa of rice leafroller, Susumia exigua (Butler)
3901040403|
3901040391|
3345364303|ex dipterous leafminer in Morinda
3345364312|
3901040337|
3901040318|
3901040339|
3901040341|
3901040385|ex hemispherical scale
3901040392|
3901040383|
3901040309|
3901040324|
3901262301|nearly all by sweeping
3901262303|
3901040371|ex leafminer in Intsia bijuga
3901040380|ex leafroller on undetermined tree
3901040344|
3901040347|swept from mango
3901040359|swept from ferns
3901040348|
3345364316|ex bean leafminer
3901040387|
3913378301|reared from pupae found Sept. 24 in a cocoon of Pison argentatum
3901040317|
3901040363|
3345364325|reared from an unidentified caterpillar on Eugenia
3901040316|swept from ferns
3901040405|reared from a caterpillar (Prodenia?) on spiny amaranth
3345364320|at light
3345364335|ex fruit of small-leaved Ficus
3345364347|swept from lawn grass
3901040305|ex eggs of Cosmolyce boeticus on Crotalaria 
3901040399|
3901040326|
3901040343|ex egg of Catopsilia crocale (Cramer) on Cassia grandis
3901040364|ex eggs of Cosmolyce boeticus on Crotalaria
3901040336|ex eggs of Herse convolvuli (Linnaeus)
3345364302|ex tortricid eggs
3345364340|ex egg of Catopsilia crocale (Cramer) on Cassia grandis
3345364353|swept from bean vines
3901040388|
3901040406|swept from ferns
3345364309|ex eggs of Stenocranus agamopsyche Kirkaldy in marsh reed (Trichoon roxburghii)
3345364345|ex orthopterous egg in dead bark of Hibiscus tiliaceus
3345364346|ex lepidopterous leafminer in Terminalia catappa
3901040404|
3901040386|ex eggs of the bug Brachyplatys pacificus (Dallas)
3901040352|
3345364329|swept from lawn grass
3901040382|swept from mango leaves, near a taro patch
3901040395|reared from dryinid cocoon from a delphacid leafhopper on Sporobolus grass
3901040373|reared from dryinid cocoon on taro leaf
3901040370|swept from lawn grass
3901040350|reared from dryinid cocoon on taro
3901040353|reared from dryinid cocoon on taro leaves
3901040320|
3901040330|swept from grass
3345364348|ex Aspidiotus destructor Signoret on banana leaf
3901040312|ex bean leafminer
3901040389|ex leafminer in undetermined plant
3901040401|ex leafminer in large-leaved Ficus
3901040397|ex leafminer in Caesalpinia bonducella
3901040331|ex leafminer in undetermined vine
3901040342|ex leafminer in Glochidion marianum
3345364322|reared from lepidopterous leafminers in Terminalia catappa and Heritiera littoralis
3901040376|
3345364355|swept from Glochidion
3901040329|ex Aphis gossypii Glover on taro
3901040319|ex Aphis gossypii Glover
3901040394|swept from bamboo leaves infested with Asterolecanium miliaris longum (Green)
3901040355|ex corn leafminer
3901040314|
3901040407|ex leafminer Agromyza spicata in corn
3901040358|ex leafminer in hamlat
3901040398|ex bean leafminer
3901040402|ex bean leafminer
3909827301|ex bean leafminer
3331390319|ex breadfruit stump
3331390316|ex Heritiera littoralis
3331390311|ex bark of dead Annona tree
3331390309|ex dead small-leaved Ficus
3331390308|ex breadfruit stump
3419797301|ex unidentified tree (gulos)
3419797303|ex dead small-leaved Ficus
3331390302|under bark of banyan
3419797305|abundant in dead twigs of orange
3419797307|abundant in dead twigs of orange
3331390314|in dead branch of breadfruit
3331390318|under bark
3331390307|under bark of Intsia bijuga
3331390303|ex bark of dead Annona tree
3419797309|ex Piper guahamense
3419797310|ex dead small-leaved Ficus
3419797311|ex ferns
3419797308|ex dead breadfruit
3419797314|under bark of breadfruit
3419797312|ex Lucaena glauca
3419797313|under bark of banyan
3419797306|
3419797304|
3419797302|ex breadfruit stump
3331390315|ex dead Leucaena glauca
3331390301|ex dead small-leaved Ficus
3331390306|at light
3331390312|in house
3426510305|
3426510316|
3426510308|
3426510307|
3426510303|
3426510304|
3426510313|
3426510309|
3426510315|
3426510312|swarming on leaves of Intsia bijuga
3426510302|swarming on leaves of Intsia bijuga
3426510306|swarming on leaves of Intsia bijuga
3426510310|
3426510301|
3332082311|
3426510311|
3426510314|
3332362323|reared from two clusters of cocoons in burrows of cerambycid collected under bark of Elaeocarpus joga log
3888069328|swept from grass
3332362317|collected on Pithecolobium dulce
3332362306|swept from ferns
3888069318|
3888069325|reared from a mass of cocoons in burrow of Ceresium unicolor in log of paipay
3332362309|
3332362333|reared from cocoons found in cerambycid burrows in dead trunk of Hibiscus tiliaceus
3888069314|reared from the fruitfly Dacus ochrosiae Malloch in Ochrosia sp
3888069306|parasite had been recovered from infested Ochrosia fruits
3888069317|infested Ximenia fruits
3352140303|swept from grass
3352140304|
3352140305|reared from leafminer in Ipomoea
3888069302|
3888069311|
3888069313|reared from rice leafroller, Susumia exigua
3332362327|reared from corn leafroller, Marasmia trapezalis
3332362308|reared from corn leafroller
3332362332|reared from Pyrausta phoenicealis, a leafroller on Elephantopus spicatus
3888069310|
3332362350|reared from leafroller on Gymnosporia thompsonii
3344810301|reared from bean leafminer
3332362318|reared from Hymenia fascialis
3332362324|reared from Hymenia fascialis
3888069312|
3352140301|from ferns
3352140307|
3352140302|miscellaneous sweeping 
3332362341|reared from Eurrhyparodes tricoloralis (Zeller), a leafroller on a low weed called yerbas babue
3332362305|reared from a leafroller on Gymnosporia thompsonii
3332362340|reared from tortricid larva in pod of Pithecolobium dulce
3332362325|reared from Margaronia multilinealis on Ficus tinctoria
3332362329|collected among spiny amaranths infested with Hymenia fascialis, one of its favorite hosts
3888069307|
3888069316|
3888069326|at light
3332362328|
3332362326|among ferns
3332362321|
3332362315|
3888069308|
3888069322|
3332362342|issued from pupa of Sylepta derogata on Hibiscus tiliaceus
3888069304|
3888069315|
3888069305|reared from Cosmophila flava flava on Urena lobata var sinuata
3332362314|
3332362304|
3332362330|
3332362347|
3332362312|reared from Nacoleia diemenalis on an unidentified legume
3332362351|
3332362339|reared from pupae of Spodoptera mauritia in rice seedling plot
3332362343|reared from Sylepta derogata
3888069323|
3332362322|
3332362310|at light
3332362336|in garden
3888069303|reared from phycitid abundant on leaves on Guettarda speciosa
3888069324|reared from cocoon on leaf (probably of coconut tineid)
3332362319|reared from phycitid on Guettarda
3332362345|reared from leafroller on unidentified tree
3332362302|reared from cocoon of coconut tineid
3332362313|swept from ferns
3332362307|
3332362316|
3332362338|
3332362344|
3888069301|
3888069319|
3888069309|
3888069321|
3888069320|
3332362337|
3888069327|
3352140306|swept from ferns
3332362320|
3332362348|reared from grass leafroller, Marasmia venilialis
3404212301|fungus
3331202306|dead branch of breadfruit
3331202301|ex dead small-leaf ficus
3404212302|tree fungus
3404212303|tree fungus
|from water drum
3382700304|
3382700302|
3382700303|
3382700301|from larvae in coconut hulls
3382699305|reared from larvae in a water-filled tree hollow
3382699303|from larvae in water-filled coconut shells on the ground
3382699302|from larvae in coconut hulls
3382699304|residence
3382699301|reared from larvae found in a hog wallow
3989438303|from a seed cluster of a palm (Coccothrinax?)
3333874421|
3333874315|from diseased papaya stalk
3990716306|from a rotten bamboo stump
3990716318|
3990716303|from pigeon peas
3333874305|
3333874441|
3990716317|from sugar cane
3333874348|from royal palm
3333874402|from betel nut palm
3989438302|numerous specimens taken at Dededo, Yona, Yigo, Mount Alifan, and Barrigada from bananas
3989438301|taken at Dededo, from bananas, Yigo, Yona, and Mount Alifan
3989438304|taken at Agat, Piti, and Merizo; one was swept from grass and two were taken from corn
3333874440|from coconuts in Inarajan in May and Yigo in November
3333874389|from a royal palm
3333874461|&quot;in coconut branch with wind injury&quot;
3333874469|one female paratype swept from grass
3333874309|taken from Ochrosia
3333874340|from dead wood
3333874365|taken from &quot;Chopag nuts&quot; (Ochrocarpus obovalis)
3333874345|bearing label &quot;on red spider on Ipomoea&quot;, in error?
3333874465|
3990716310|
3990716319|on hedge
3333874372|
3333874302|
3333874466|from rotten stump
3990716330|taken at light
3992124301|
3992124304|
3333874476|two broken specimens collected from under bark of a dead tree
3333874431|from &quot;dead small leaf Ficus&quot;
3333874339|found under dead bark of breadfruit
3335008301|
3333874326|from a rotten stem of Barleria
3333874390|from dead leaves
3333874415|&quot;on dead Areca palm leaf&quot;
3333874324|from dead pago (Hibiscus tiliaceus)
3990707304|from under bark of Elaeocarpus
3990707302|from under bark of Intsia
3333874403|under bark of Intsia bijuga
3333874311|from under bark of Hibiscus tiliaceus
3333874467|from dead bark of Elaeocarpus
3990707301|
3990707307|&quot;in dead tree&quot;
3990707305|taken &quot;on drying tree bark&quot;
3333874407|
3333874375|
3333874433|from sweet-potato vine
3333874405|
3990716316|reared from Cycas seed
3990716323|
3990716315|from fallen fruit of breadfruit
3990716307|from fallen fruit of breadfruit
3990716321|on plateau, reared by Swezey from gulos seed
3990716312|on plateau, reared by Swezey from gulos seed
3990716304|from Intsia
3990716305|from Ochrocarpus obovalis
3990716328|taken in quarantine in San Francisco from Cycas circinalis
3333874464|
3990716322|
3990716320|
3333874376|
3333874334|
3333874341|
3333874316|from Hernandia
3333874377|
3333874356|
3333874398|from Piper
3333874480|
3333874337|
3333874448|
3333874350|
3333874386|from Pipturus
3333874347|
3990716313|one taken from Hernandia
3333874437|
3333874432|
3333874475|from Premna gaudichaudii (integrifolia)
3333874424|
3333874379|from Morinda citrifolia (Morinda indica according to Merrill)
3333874452|
3333874325|
3333874338|
3333874428|from Cestrum diurnum (pallidum on label)
3990716309|
3990716325|
3333874391|in house
3333874396|on unknown tree
3333874333|
3333874414|from rice seedling plot
3333874361|
3333874304|one without specific locality
3333874336|from Premna gaudichaudii
3333874359|
3333874318|
3990716301|
3990716311|broken specimen
3990716327|one dissected specimen collected from Premna gaudichaudii
3333874388|
3991620302|
3991620301|
3990716302|
3990716329|
3333874328|from Pipturus
3333874412|
3333874323|
3333874410|from Pandanus
3333874470|
3333874378|from Asplenium nidus
3333874478|
3333874393|taken from Pandanus fruit
3913856320|
3913856339|
3333874383|
3333874381|
3333874460|five by miscellaneous sweeping and two from ferns
3333874477|two from Ficus
3333874387|
3913856341|one from Ipomoea pes-caprae
3913856306|
3333874481|
3333874373|
3333874358|
3333874463|
3990060302|from Premna
3990060301|from Sida
3333874426|
3333874430|in cultivated hedge of hibiscus
3333874401|
3333874367|
3333874313|from Piper guahamense
3333874422|from Piper guahamense
3333874422|from &quot;spiny amaranth&quot;
3333874408|from Ipomoea pes-caprae
3333874392|ex Ipomoea sp.
3333874429|&quot;on Amaranthus spinosus&quot;
3333874357|miscellaneous sweeping
3333874454|from Ficus sp. (hodda)
3990062301|from banana
3913856326|from Ipomoea pes-caprae
3913856305|
3333874343|from Terminalia
3333874329|from Piper
3913856319|from fence
3913856314|
3333874352|
3333874420|
3333874384|from PIper guahamense
3333874331|from Vigna sinensis
3333874344|
3913856330|
3913856313|
3913856327|from sweet-potato vines
3913856347|swept from morning-glory vine on sugar cane
3333874449|
3333874368|
3913856307|
3333874306|from Pithecolobium
3333874439|from mangrove swamp
3333874474|
3333874369|from Asplenium nidus
3333874458|
3333874443|
3333874364|
3333874317|from Ochrosia
3333874462|
3990703306|
3990703301|swept from sedges and also found larvae at the bases of sedge plants
3990703311|from hills and swept from sedges, also found larvae at the bases of sedge plants
3990703305|from hills and swept from sedges, also found larvae at the bases of sedge plants
3990703312|from hills and swept from sedges, also found larvae at the bases of sedge plants
3990703314|swept from sedges and also found larvae at the bases of sedge plants
3990703309|swept from sedges and also found larvae at the bases of sedge plants
3333874366|
3990703310|
3990703302|
3990703313|
3990703304|from plateau
3990703308|from Glochidion
3990703307|from Glochidion
3990703303|from Glochidion
3333874360|reared from a pupa found in the bark of dead &quot;small leaf&quot; Ficus
3333874394|
3333874321|reared from a pupa found in the bark of dead &quot;small leaf&quot; Ficus
3990705302|from Ficus
3990705301|from Ficus
3990707309|
3990707308|
3333874406|taken &quot;in dead tree&quot;
3990707306|under bark of Elaeocarpus
3990707303|
3333874351|
3333874346|
3913856348|on Morinda
3913856312|
3913856345|taken by miscellaneous sweeping
3913856333|from Piper guahamense
3989402306|from Calophyllum
3989402302|from Pipturus
3989402303|from Ochrosia
3989402301|from Macaranga
3913856308|
3913856302|
3913856323|
3989402305|
3989402304|
3913856325|by miscellaneous sweeping
3913856343|taken from ferns
|taken from Premna
3913856328|
3913856337|
3913856315|
3913856322|
3913856329|
3913856311|from miscellaneous sweeping
3913856350|from Hibiscus tiliaceus
3913856340|from Intsia bijuga
3913856344|from Morinda
3913856349|
3913856321|
3913856342|taken from Codiaeum
3913856316|
3913856303|
3913856317|on Piper guahamense
3913856336|
3333874417|from Glochidion
3333874308|
3333874434|on Premna gaudichaudii
3333874371|from Ipomoea pes-caprae
3333874472|from Ipomoea pes-caprae
3333874416|from Ipomoea pes-caprae
3333874418|from Ipomoea pes-caprae
3333874332|
3333874456|from Premna
3333874455|from Codiaeum
3333874425|from Sida
3333874423|from Morinda
3333874468|
3913856324|
3913856332|
3913856318|from &quot;Lobelia&quot; [Scaevola frutescens]
3913856338|from Hibiscus tiliaceus
3913856304|
3913856334|from the plateau
3994028458|
3336136434|American sunflower and milkweed
3999254301|
3999254302|on Passiflora foetida
3336136472|on Passiflora fruit
3994028318|at school farm, on sunflower
3994028460|on pumpkin
3336136500|on pumpkin
3336136501|on pumpkin
3994028368|
3994028488|on beans
3994028339|
3994028341|
3994028401|
3336136459|edge of forest
3336136502|
3994028428|on Triphasia
3994028392|on Gymnosporia thompsonii
3999255303|
3999255302|
3994028335|on sedges, on Paspalum orbiculare, most commonly on rice, and at light
3994028539|on sedges, on Paspalum orbiculare, most commonly on rice, and at light
3994028461|on sedges, on Paspalum orbiculare, most commonly on rice, and at light
3994028344|on sedges, on Paspalum orbiculare, most commonly on rice, and at light
3994028451|on sedges, on Paspalum orbiculare, most commonly on rice, and at light
3994028515|on sedges, on Paspalum orbiculare, most commonly on rice, and at light
3994028393|on sedges, on Paspalum orbiculare, most commonly on rice, and at light
3994028529|on Crotalaria quinquefolia
3994028394|on Crotalaria quinquefolia
3994028383|on pigeon pea
3994028468|on sedges
3994028395|
3999255301|on Crotalaria leaves
3336136358|on Thespesia populnea
3336136331|on Morinda
3336136322|eggs, nymphs of all stages and adults were common
3336136382|
3336136386|clustered by the hundreds on Morinda leaves
3336136335|on Colubrina asiatica
3994028414|seen in large numbers, nymphs ran about on the ground and on dead leaves and were often seen feeding on dead nymphs and adults of their own species
3997752302|
3997752303|
3997752301|at the end of the road
3997752304|at the end of the road
3994028432|one batch of eggs collected, parasitized by Ooencyrtus pacificus
3994028332|
3994028429|
3994028366|
3994028403|
3994028333|on Ipomoea
3994028430|
3994028448|on morning-glory
3994028520|most frequently at light
3994028433|most frequently at light
3994028434|on the ground
3994028446|
3994028494|under chips
3994028444|
3994028470|on Premna gaudichaudii
3994028353|
3994028308|
3994028312|
3994028348|
3994028521|at light
3994028325|at light
3994028315|at light
3994028524|at light
3994028467|at light
3994028364|
3994028386|six adults, two nymphs, and eggs on Glochidion and other trees
3994028487|on Glochidion
3336136462|
3994028439|one dead specimen
3994028360|on Cycas
3994028380|
3336136326|in rotten Pandanus log
3994028375|on Premna gaudichaudii
3994028378|
3994028447|on Cycas
3994028514|
3994028338|
3994028381|
3336136306|
3994028455|under bark of Intsia bijuga
3994028351|under bark of Intsia bijuga
3994028511|in rotten log
3994028452|under bark of Intsia bijuga
3994028317|
3994028512|on taro
3336136411|beaten from dead leaves of a fallen tree
3994028424|sweeping grass
3336136301|Paspalum conjugatum
3336136436|on sedges
3336136345|
3994028469|3 miles south of Piti
3994028373|
3994028326|attracted to light
3994028534|attracted to light
3994028445|attracted to light
3336136489|
3336136371|under bark of Intsia bijuga
3999503301|
3994028387|
3994028505|on Euphorbia hirta
3336136461|on Pemphis
3336136330|on amaranth
3994028415|on Nicotiana
3994028374|on sedge
3994028396|on Styphelia
3336136383|
3336136332|
3336136410|on Styphelia
3336136397|
3994028320|
3994028516|on Emilia
3994028427|
3994028538|on a high sedge
3336136487|
3336136357|
3336136327|
3336136495|
3336136418|
3336136341|on sedges
3336136473|
3336136320|
3336136484|
3336136365|
3994028490|
3994028359|
3994028453|
3994028340|on Sida
3994028313|
3994028410|
3994028407|collected at light, tropicopolitan
3994028399|headwaters
3336136435|
3336136464|
3336136377|swept from lawn grass
3336136450|
3336136425|
3336136404|on milkweed
3336136354|
3336136334|
3336136498|on grass
3994028379|sucking fruits of &quot;Panama cherry&quot;
3994028425|sucking fruits of &quot;Panama cherry&quot;
3994028481|on Pemphis
3994028422|
3994028472|
3994028316|
3994028475|sweeping Styphelia
3994028513|2 miles south of Piti on heliotrope
3994028438|at light
3994028321|
3994028454|
3994028435|
3994028322|
3994028358|on Tournefortia (Messerschmidia)
3994028478|on Styphelia
3994028473|on Euphorbia hirta
3994028522|
3994028531|
3994028357|
3994028519|on dead orange twigs
3994028309|
3994028411|on Hibiscus tiliaceus
3994028464|on dead Barringtonia leaves
3994028507|on cotton boll
3994028486|on Hibiscus tiliaceus
3994028416|beaten from dead leaves of a fallen tree
3994028369|
3336136416|beaten from dead leaves of a fallen tree
3336136499|on Calophyllum inophyllum
3336136452|camachile
3336136315|on dead leaf-covered branches
3336136426|
3336136496|
3336136398|in leaves of Hibiscus tiliaceus rolled by pyralid caterpillars
3994028421|on Ficus
3994028489|on Calophyllum
3994028346|on bamboo
3994028496|under bark of dead Elaeocarpus
3994028526|in dead limb of pago
3994028527|on grass
3336136471|rice seedling plot
3336136479|
3336136453|rice seedling plot
3336136408|swept from lawn grass
3336136347|
3336136457|on Thespesia populnea
3994028493|
3336136393|
3336136420|
3336136483|
3336136470|on sedges
3336136339|on Ipomoea
3336136363|on Sida
3336136394|2 miles south of Piti
3336136388|
3336136407|on spiny amaranth
3336136381|
3336136395|
3336136379|
3994028423|
3994028517|in rotten papaya log
3994028471|beating dead leaf-covered branches
3994028388|at light
3994028537|under bark of dead breadfruit twigs
3994028530|in dead breadfruit branches
3994028418|under bark
3336136442|taken at bases of rice clumps
3336136458|taken at bases of rice clumps
3994028540|
3994028420|taken in a rotten banana stump
3994028441|beneath rotten breadfruit
3994028355|taken in a rotten banana stump
3994028398|
3994028456|
3994028382|
3994028465|in rotten banana log and breadfruit
3994028324|in rotten papaya log
3994028459|in rotten banana stem
3994028323|
3994028349|
3994028408|on Ochrosia and Cycas
3994028301|
3994028474|
3994028336|
3994028409|collected on dead leaves of a fallen tree
3994028331|
3994028450|in dead Barringtonia leaves curled by caterpillars
3994028504|on mango
3994028343|on mango leaves
3336136310|at bases of rice clumps
3336136319|
3994028500|
3994028442|on Nicotiana
3994028437|on Nicotiana
3994028305|
3994028405|on tomato
3994028443|
3994028491|
3994028363|
3994028319|on Nicotiana
3994028334|on weeds
3994028440|
3336136415|taken in a rotten papaya log
3994028311|
4002910302|
4002910301|under bark
4002910303|under a fallen Pandanus fruit
3336136391|
3336136361|
3336136478|ex dead papaya leaves
3994028345|
3994028397|collected on ferns
3994028482|on ferns
3994028431|
3994028310|
3994028495|
3994028528|
3994028400|two damaged, on ferns
3336136503|taken from a spider web
3994028304|sweeping grasses and Jussiaea
3994028499|rice seedling plot
3994028330|on Piper guahamense
3994028419|on Piper guahamense
3994028426|
3994028371|
3994028485|
3994028391|miscellaneous sweeping
3336136318|on a small-leafed Ficus
3994028372|on Cestrum pallidum
3994028307|
3994028413|
3994028337|badly damaged
3336136482|on paipay (Guamia mariannae)
3336136491|
3994028314|
3994028352|on pigeon pea
3994028533|on yerbas babue
3336136405|
3336136340|
3336136375|on sedges
3336136466|
3336136417|
3336136360|on Piper guahamense
3336136314|
3336136441|on spiny amaranth
3336136316|on Sida
3336136438|on ferns
3336136329|
3336136403|
3336136366|
3336136401|
3336136474|on Asplenium nidus
3336136477|2 miles south of Piti, on Hibiscus tiliaceus
3336136447|
3336136338|on Messerschmidia
3336136467|on ferns
3336136321|on Scaevola koenigii
3336136444|on milkweed
3994028354|
3994028510|
3336136333|on Glochidion
3336136317|on Glochidion
4002932301|on Glochidion
4002932302|on Glochidion
3994028342|on Glochidion
3994028541|
3994028476|on Glochidion
3336136348|on bamboo
3336136505|
3336136451|on pumpkin leaves
3336136346|on pumpkin leaves
3336136481|on Ipomoea in a cornfield
3336136352|
3336136364|on cucumber
3336136429|
3336136488|on a species of sedge taller than Rhynchospora corymbosa
3994028463|
3994028306|rice seedling plot
3994028356|on grass
3994028327|three miles south of Piti, on Sporobolus grass
3994028518|Ipomoea, in corn field
3336136422|in rice field
3336136373|in rice field
3336136374|in rice field
3336136449|in rice field
3336136350|in rice field
3336136493|on corn
3336136448|on rice seedlings
3336136349|rice seedling plot
3336136412|on grass
3336136490|grape vine
3336136344|rice seedling plot
3336136313|on Glochidion
3336136336|
3994028480|on a sedge, Rhynchospora corymbosa
3994028501|on rice
3994028365|5 miles south of Piti, on sedge in mangrove swamp
3994028329|on Rhynchospora corymbosa
3994028457|on Scleria margaritifera
3994028497|5 miles south of Piti
3994028479|
3994028350|on rice
3994028412|
3336136419|on Ficus
3336136469|on Pipturus
3994028402|on Ficus
3994028404|on Pipturus
3994028509|
3994028483|
3994028406|on Glochidion
3994028536|on Pithecolobium
3336136421|on golden shower tree
3336136475|
3994028361|on Premna gaudichaudii
3994028376|
3994028492|on Macaranga
3994028328|
3994028385|one damaged specimen, on Ipomoea
3994028523|on Terminalia
3994028506|
3994028303|one specimen in poor condition, on Hibiscus
3994028525|on Piper guahamense
3994028417|on Piper guahamense
3336136492|
3994028462|
3994028502|
3994028389|
3994028390|
3994028503|
4002932303|macropterous females
3336136424|
3336136312|headwaters
3994028370|
3994028302|
3994028508|
3994028466|
3994028532|
3994028347|
3994028436|
3336136400|
3994028484|Found near the rocky coral shore, usually within or around 3- or 4- foot coves or embayments. They occur singly or in threes or fours rather than in large numbers. Several pairs were captured in copulation.
3336136427|
3336136406|
3336136355|headwaters
3336136359|on hau
3336136433|
3336136385|apterous
3336136308|apterous
3994028477|macropterous
3336136428|stream mouth south of Agat, macropterous
3336136368|
3994028367|brachypterous
3994028377|brachypterous specimen from south of Facpi Point
3331839320|On Hibiscus, croton, Pithecolobium dulce, Psophocarpus tetragonolobus
3334936302|on Morinda
3334936301|pigeon pea
3334936303|peanut
3331839302|on coffee
3331839335|On mango, sunflower, Barringtonia
3331839343|On Ochrosia and Gardenia
3331839332|on cotton, Ceara rubber, kapok
3331839323|on Barringtonia speciosa
3331839315|on corn
3891552324|on Premna gaudichaudii
3891552305|on Pandanus, corn, Asplenium nidus, parasitized by Tomocera californica
3331839304|
3331839337|On mango
3334936304|on sweet potato leaves
3331839347|on coffee
3331839356|on corn
3331839330|on Gardenia
3901039302|On rose
3901039304|On rose and sweet potato
3331839314|On asparagus, Chinese inkberry
3331839353|On coconut trunk
3901039301|On Jasminum sambac
3901039303|Pandanus
3891552306|palm
3331839325|on mango
3331839317|
3331839358|On Areca palm
3331839334|On Hibiscus
3331839301|On mango fruit
3331839306|On coconut leaf
3331839348|On lemon
3331839341|On grapefruit
3331839333|On Gardenia
3891552303|On coconut
3891552312|coconut leaves, banana, grape, mango, Ochrosia fruits, avocado, papaya, and Dioscorea alata
3331839336|on coconut
3331839313|on coconut and oil palm
3891552316|On Citrus and ironwood
3891552317|on orange and lime
3891552322|on lemon
3331839340|On sugar cane at Agricultural School Farm
3891552315|
3891552320|parasitized by Pseudococcobius terryi
3331839318|on pineapple
3892765301|on sugar cane
3892765302|
3891552321|on tuberose
3891552308|on Pandanus
3891552323|on male inflorescence of seeded variety of breadfruit, Artocarpus communis
3891552304|on Terminalia catappa
3891552314|on pineapple and Barringtonia
3334182302|on cotton
3891552318|
3891552311|on bamboo leaves
3331839326|on sugar cane
|on peanut, cotton, Ceara rubber, eggplant, soursop
3331839351|On Citrus
3331839310|on pigeon pea
3331839319|on cactus, mango fruits, Allamanda
3891552319|on bamboo
3891552313|on bamboo stems
3331839346|On Bermuda grass
3331839307|On Dioscorea species
3891552307|On Sporobolus grass
3891552301|on sugar cane
3331839309|On rose
3891552302|on rose
3891552310|On Leucaena glauca
3891552309|on coconuts
3331839321|On orange and Ochrosia
3331839322|On Citrus as Chrysomphalus aurantii
3331839308|On coconut
3331839357|On lemon
3331839331|On orange and Ochrosia
3331839349|On Citrus
3334182301|On rose and Citrus
3331839354|On palm, perhaps scale reported on coconut by Vandenberg
3331839316|On coffee
